Workbook
Name Slicer_Status: #N/A
Name Slicer_Type: #N/A
Name Slicer_Type1: #N/A
Name Slicer_Type2: #N/A
Name Slicer_Type3: #N/A

Sheet Overview
C2: Overview | F2: =HYPERLINK("#" & "Running!G2","Running") -> Running | I2: =HYPERLINK("#" & "Parking!K2","Parking") -> Parking | L2: =HYPERLINK("#" & "Advantis!L2","Advantis") -> Advantis | O2: =HYPERLINK("#" & "Services!A1","Service") -> Service
AA5: Count of Type | AB5: Type
AA6: Diameter | AB6: HIE | AC6: Grand Total
AA7: 12 | AB7: 4 | AC7: 4
AA8: 13 | AB8: 7 | AC8: 7
E9: TOTAL | G9: =E13+E16+E19+I13+I16 -> 294 | AA9: 14 | AB9: 4 | AC9: 4
AA10: 15 | AB10: 2 | AC10: 2
AA11: 16 | AB11: 9 | AC11: 9
AA12: 17 | AB12: 4 | AC12: 4
C13: TOP2V | E13: =COUNTIF(Machines!E:E,"TOP2V") -> 157 | G13: TOP2 | I13: =COUNTIF(Machines!E:E,"TOP2") -> 28 | AA13: 18 | AB13: 7 | AC13: 7
AA14: 19 | AB14: 4 | AC14: 4
AA15: 20 | AB15: 2 | AC15: 2
C16: HIE | E16: =COUNTIF(Machines!E:E,"HIE") -> 43 | G16: TR1S | I16: =COUNTIF(Machines!E:E,"TR1S") -> 19 | AA16: Grand Total | AB16: 43 | AC16: 43
C19: TR | E19: =COUNTIF(Machines!E:E,"TR") -> 47

Sheet Running
C2: =HYPERLINK("#" & "Overview!D2","Overview") -> Overview | F2: =HYPERLINK("#" & "Running!G2","Running") -> Running | I2: =HYPERLINK("#" & "Parking!K2","Parking") -> Parking | L2: =HYPERLINK("#" & "Advantis!L2","Advantis") -> Advantis | O2: =HYPERLINK("#" & "Services!A1","Service") -> Service
E9: RUNNING | G9: =COUNTIF(Machines!G:G,"Active") -> 276
C13: TOP2V | E13: =COUNTIFS(Machines!E:E,"TOP2V",Machines!G:G,"Active") -> 157 | G13: TOP2 | I13: =COUNTIFS(Machines!E:E,"TOP2",Machines!G:G,"Active") -> 19
C16: HIE | E16: =COUNTIFS(Machines!E:E,"HIE",Machines!G:G,"Active") -> 42 | G16: TR1S | I16: =COUNTIFS(Machines!E:E,"TR1S",Machines!G:G,"Active") -> 19
C19: TR | E19: =COUNTIFS(Machines!E:E,"TR",Machines!G:G,"Active") -> 39
S38: Status | T38: Type | U38: Count of Location Group
S39: Active | T39: HIE | U39: 42
T40: TOP2 | U40: 19
T41: TOP2V | U41: 157
T42: TR | U42: 39
T43: TR1S | U43: 19
S44: Grand Total | U44: 276

Sheet Parking
C2: =HYPERLINK("#" & "Overview!D2","Overview") -> Overview | F2: =HYPERLINK("#" & "Running!G2","Running") -> Running | I2: Parking | L2: =HYPERLINK("#" & "Advantis!L2","Advantis") -> Advantis | O2: =HYPERLINK("#" & "Services!A1","Service") -> Service
E9: PARKING TOTAL | G9: =E13+E16+I13+F21 -> 18
C13: BATCH PARKING | E13: =COUNTIF(Machines!F:F,"Batch Parking") -> 7 | G13: TRAINING (M/C) | I13: =COUNTIF(Machines!F:F,"Training (M/C)") -> 1
C16: PATHWAY PARKING | E16: =COUNTIF(Machines!F:F,"Pathway Parking") -> 10
W49: Count of Location Group | Y49: Type
W50: Status | X50: Location Group | Y50: HIE | Z50: TOP2 | AA50: TR | AB50: Grand Total
W51: Idle | X51: Batch Parking | Y51: 1 | AA51: 6 | AB51: 7
X52: Pathway Parking | Z52: 8 | AA52: 2 | AB52: 10
X53: Training (M/C) | Z53: 1 | AB53: 1
W54: Idle Total | Y54: 1 | Z54: 9 | AA54: 8 | AB54: 18

Sheet Advantis
C2: =HYPERLINK("#" & "Overview!D2","Overview") -> Overview | F2: =HYPERLINK("#" & "Running!G2","Running") -> Running | I2: =HYPERLINK("#" & "Parking!K2","Parking") -> Parking | L2: Advantis | O2: =HYPERLINK("#" & "Services!A1","Service") -> Service
E8: ADVANTIS MOTHBALL | G8: =COUNTIF('Advantis Machines'!G:G,"Advantis Mothball") -> 12
C12: TOP2 | E12: =COUNTIFS('Advantis Machines'!F:F,"TOP2",'Advantis Machines'!G:G,"Advantis Mothball") -> 7 | G12: TOP | I12: =COUNTIFS('Advantis Machines'!F:F,"TOP",'Advantis Machines'!G:G,"Advantis Mothball") -> 1
C16: HIE | E16: =COUNTIFS('Advantis Machines'!F:F,"HIE",'Advantis Machines'!G:G,"Advantis Mothball") -> 2 | G16: EVO4J | I16: =COUNTIFS('Advantis Machines'!F:F,"EVO4J",'Advantis Machines'!G:G,"Advantis Mothball") -> 2
S43: Count of Type | U43: Type | AC43: Count of Type | AD43: Type
S44: Diameter | T44: Current Location | U44: TOP2 | V44: Grand Total | AC44: Current Location | AD44: EVO4J | AE44: HIE | AF44: TOP | AG44: TOP2 | AH44: Grand Total
S45: 13 | T45: Advantis Mothball | U45: 1 | V45: 1 | AC45: Advantis Mothball | AD45: 2 | AE45: 2 | AF45: 1 | AG45: 7 | AH45: 12
S46: 13 Total | U46: 1 | V46: 1 | AC46: Grand Total | AD46: 2 | AE46: 2 | AF46: 1 | AG46: 7 | AH46: 12
S47: 14 | T47: Advantis Mothball | U47: 1 | V47: 1
S48: 14 Total | U48: 1 | V48: 1
S49: 15 | T49: Advantis Mothball | U49: 3 | V49: 3
S50: 15 Total | U50: 3 | V50: 3
S51: 17 | T51: Advantis Mothball | U51: 2 | V51: 2
S52: 17 Total | U52: 2 | V52: 2
S53: Grand Total | U53: 7 | V53: 7

Sheet Services
A1: Machine No | B1: Serial No | C1: M/C Year | D1: Machine Type | E1: Location Group | F1: Comments
A2: 2025 | B2: 8020936 | C2: 2022 | D2: TOP2V | E2: DEV (18) | F2: Scheduled Service Date- 2024.01.23 Service Date- 2024.02.12 Next Service Date- 2025.02.12 Check List Number - 25
A3: 2023 | B3: 8016221 | C3: 2013 | D3: HIE | E3: DEV (18) | F3: Scheduled Service Date- 2024.04.27 Service Date- 2024.05.02 Next Service Date- 2025.05.02 Check List Number -76
A4: 16110 | B4: 8016043 | C4: 2013 | D4: HIE | E4: DEV (18) | F4: Scheduled Service Date- 2024.03.19 Service Date- 2024.06.16 Next Service Date- 2025.06.16 Check List Number -114
A5: 1784 | B5: 8017966 | C5: 2017 | D5: TOP2V | E5: 1 | F5: Scheduled Service Date- 2024.02.26 Service Date- 2024.03.31 Next Service Date- 2025.03.31 Check List Number - 56
A6: 1315 | B6: 8015277 | C6: 2012 | D6: HIE | E6: 1 | F6: Scheduled Service Date- 2024.04.01 Service Date- 2024.04.08 Next Service Date- 2025.04.08 Check List Number -60
A7: 1778 | B7: 8019095 | C7: 2019 | D7: TOP2V | E7: 1 | F7: Scheduled Service Date- 2024.04.05 Service Date- 2024.04.21 Next Service Date- 2025.04.21 Check List Number -70
A8: 17104 | B8: 8018466 | C8: 2018 | D8: TOP2V | E8: 1 | F8: Scheduled Service Date- 2024.04.03 Service Date- 2024.04.03 Next Service Date- 2025.04.03 Check List Number -58
A9: 1864 | B9: 8019104 | C9: 2019 | D9: TOP2V | E9: 1 | F9: Scheduled Service Date- 2024.05.09 Service Date- 2024.05.12 Next Service Date- 2025.05.12 Check List Number -84
A10: 1394 | B10: 8015927 | C10: 2013 | D10: HIE | E10: 2 | F10: Scheduled Service Date- 2024.01.31 Service Date- 2024.02.06 Next Service Date- 2025.02.06 Check List Number - 22
A11: 1865 | B11: 8019105 | C11: 2019 | D11: TOP2V | E11: 2 | F11: Scheduled Service Date- 2024.03.04 Service Date- 2024.03.18 Next Service Date- 2025.03.18 Check List Number - 47
A12: 17107 | B12: 8017230 | C12: 2015 | D12: TOP2V | E12: 2 | F12: Scheduled Service Date- 2024.02.29 Service Date- 2024.03.01 Next Service Date- 2025.03.01 Check List Number - 36
A13: 16116 | B13: 8005185 | C13: 2002 | D13: TOP2 | E13: 2 | F13: Scheduled Service Date- 2024.01.22 Service Date- 2024.01.30 Next Service Date- 2025.01.30 Check List Number - 16
A14: 1883 | B14: 8018369 | C14: 2018 | D14: TOP2V | E14: 3 | F14: Scheduled Service Date- 2024.02.10 Service Date- 2024.02.02 Next Service Date- 2025.02.02 Check List Number - 20
A15: 1252 | B15: 8021186 | C15: 2022 | D15: TOP2V | E15: 3 | F15: Scheduled Service Date- 2024.02.08 Service Date- 2024.02.15 Next Service Date- 2025.02.15 Check List Number - 27
A16: 17108 | B16: 8017243 | C16: 2015 | D16: TOP2V | E16: 3 | F16: Scheduled Service Date- 2024.05.11 Service Date- 2024.05.11 Next Service Date- 2025.05.11 Check List Number -83
A17: 1470 | B17: 8019111 | C17: 2019 | D17: TOP2V | E17: 3 | F17: Scheduled Service Date- 2024.05.06 Service Date- 2024.06.03 Next Service Date- 2025.06.03 Check List Number -170
A18: D-21 | B18: 8017229 | C18: 2015 | D18: TOP2V | E18: 3 | F18: Scheduled Service Date- 2024.04.02 Service Date- 2024.04.02 Next Service Date- 2025.04.02 Check List Number -57
A19: 1472 | B19: 8017961 | C19: 2017 | D19: TOP2V | E19: 4 | F19: Scheduled Service Date- 2024.04.29 Service Date- 2024.04.15 Next Service Date- 2025.04.15 Check List Number -66
A20: 16120 | B20: -8020832 | C20: 2022 | D20: TOP2V | E20: 4 | F20: Scheduled Service Date- 2024.05.02 Service Date- 2024.05.02 Next Service Date- 2025.05.02 Check List Number -77
A21: 1966 | B21: -8021544 | C21: 2022 | D21: TOP2V | E21: 4 | F21: Scheduled Service Date- 2024.04.30 Service Date- 2024.04.15 Next Service Date- 2025.04.15 Check List Number -67
A22: 1477 | B22: 8019107 | C22: 2019 | D22: TOP2V | E22: 4 | F22: Scheduled Service Date- 2024.05.17 Service Date- 2024.05.21 Next Service Date- 2025.05.21 Check List Number - 93
A23: 1485 | B23: 8019108 | C23: 2019 | D23: TOP2V | E23: 4 | F23: Scheduled Service Date- 2024.02.02 Service Date- 2024.01.25 Next Service Date- 2025.01.25 Check List Number - 08
A24: 1683 | B24: 8019117 | C24: 2019 | D24: TOP2V | E24: 5 | F24: Scheduled Service Date- 2024.02.05 Service Date- 2024.02.05 Next Service Date- 2025.02.05 Check List Number - 21
A25: 16123 | B25: 8021172 | C25: 2022 | D25: TOP2V | E25: 5 | F25: Scheduled Service Date- 2024.05.18 Service Date- 2024.05.03 Next Service Date- 2025.05.03 Check List Number -78
A26: 1689 | B26: 8019094 | C26: 2019 | D26: TOP2V | E26: 5 | F26: Scheduled Service Date- 2024.04.06 Service Date- 2024.04.06 Next Service Date- 2025.04.06 Check List Number -59
A27: 15124 | B27: -8018413 | C27: 2018 | D27: TOP2V | E27: 5 | F27: Scheduled Service Date- 2024.01.05 Service Date- 2024.01.27 Next Service Date- 2025.01.27 Check List Number -11
A28: 1108 | B28: 8019014 | C28: 2019 | D28: TOP2V | E28: 6 | F28: Scheduled Service Date- 2024.01.12 Service Date- 2024.01.21 Next Service Date- 2025.01.21 Check List Number - 06
A29: 1694 | B29: -8017988 | C29: 2017 | D29: TOP2V | E29: 6 | F29: Scheduled Service Date- 2024.05.13 Service Date- 2024.03.16 Next Service Date- 2025.03.16 Check List Number -46
A30: 1580 | B30: 8017964 | C30: 2017 | D30: TOP2V | E30: 6 | F30: Scheduled Service Date- 2024.05.14 Service Date- 2024.03.11 Next Service Date- 2025.03.11 Check List Number -44
... A51: 1895 | B51: 8020955 | C51: 2022 | D51: TOP2V | E51: 10 | F51: Scheduled Service Date- 2024.05.07 Service Date- 2024.05.20 Next Service Date- 2025.05.20 Check List Number -92
A52: 21TR02 | B52: 8021022 | C52: 2022 | D52: TR1S | E52: 11 | F52: Scheduled Service Date- 2024.03.05 Service Date- 2024.03.05 Next Service Date- 2025.03.05 Check List Number - 40
A53: 1938 | B53: 8018157 | C53: 2017 | D53: TOP2V | E53: 11 | F53: Scheduled Service Date- 2024.02.28 Service Date- 202402.24 Next Service Date- 2025.02.24 Check List Number - 33
A54: 16101 | B54: -8017235 | C54: 2015 | D54: TOP2V | E54: 11 | F54: Scheduled Service Date- 2024.04.23 Service Date- 2024.05.06 Next Service Date- 2025.05.06 Check List Number -108
A55: 2114 | B55: -8017434 | C55: 2015 | D55: TOP2V | E55: 11 | F55: ENG:
A56: 15125 | B56: 8018708 | C56: 2018 | D56: TOP2V | E56: 11 | F56: Scheduled Service Date- 2024.04.25 Service Date- 2024.04.24 Next Service Date- 2025.04.24 Check List Number -71
A57: 1948 | B57: 8045967/8015967 | C57: 2013 | D57: HIE | E57: 12 | F57: Scheduled Service Date- 2024.05.11 Service Date- 2024.03.11 Next Service Date- 2025.03.11 Check List Number - 43
A58: 2027 | B58: 8016046 | C58: 2013 | D58: HIE | E58: 12 | F58: Scheduled Service Date- 2024.03.20 Service Date- 2024.03.25 Next Service Date- 2025.03.25 Check List Number -50
A59: 16112 | B59: 8015602 | C59: 2013 | D59: HIE | E59: 12 | F59: Scheduled Service Date- 2024.05.15 Service Date- 2024.03.15 Next Service Date- 2025.03.15 Check List Number -45
A60: 1249 | B60: 8014332 | C60: 2011 | D60: HIE | E60: 12 | F60: Scheduled Service Date- 2024.02.27 Service Date- 2024.02.24 Next Service Date- 2025.02.24 Check List Number - 32
A61: 14104 | B61: 8015607 | C61: 2013 | D61: HIE | E61: 13 | F61: Scheduled Service Date- 2024.02.24 Service Date- 2024.02.21 Next Service Date- 2025.002.21 Check List Number - 31
A62: 1887 | B62: 8017121 | C62: 2015 | D62: HIE | E62: 13 | F62: Scheduled Service Date- 2024.02.03 Service Date- 2024.01.26 Next Service Date- 2025.01.26 Check List Number - 09
A63: 15134 | B63: 8010004 | C63: 2005 | D63: TOP2 | E63: 13 | F63: Scheduled Service Date- 2024.02.01 Service Date- 2024.02.13 Next Service Date- 2025.02.13 Check List Number - 26
A64: 1248 | B64: 8015965 | C64: 2013 | D64: HIE | E64: 13 | F64: Scheduled Service Date- 2024.02.15 Service Date- 2024.04.30 Next Service Date- 2025.04.30 Check List Number - 75
A65: 15140 | B65: 8005943 | C65: 2003 | D65: TOP2 | E65: 13 | F65: Scheduled Service Date- 2024.02.06 Service Date- 2024.02.10 Next Service Date- 2025.02.10 Check List Number - 23
A66: 1390 | B66: 8015279 | C66: 2012 | D66: HIE | E66: 13 | F66: Scheduled Service Date- 2024.03.09 Service Date- 2024.03.11 Next Service Date- 2025.03.11 Check List Number - 42
A67: 1885 | B67: 8010098 | C67: 2006 | D67: TOP2 | E67: 13 | F67: Scheduled Service Date- 2024.01.13 Service Date- 2024.01.14 Next Service Date- 2025.01.14 Check List Number - 04
A68: 16115 | B68: 8016424 | C68: 2014 | D68: HIE | E68: 14 | F68: Scheduled Service Date- 2024.02.12 Service Date- 2024.02.19 Next Service Date- 2025.02.19 Check List Number - 28
A69: 1391 | B69: 8016058 | C69: 2013 | D69: HIE | E69: 14 | F69: Scheduled Service Date- 2024.03.23 Service Date- 2024.03.25 Next Service Date- 2025.03.25 Check List Number -51
A70: 2106 | B70: 8020937 | C70: 2022 | D70: TOP2V | E70: 14 | F70: Scheduled Service Date- 2024.05.13 Service Date- 2024.06.06 Next Service Date- 2025.06.06 Check List Number - 109
A71: 19TR08 | B71: -8019089 | C71: 2019 | D71: TR | E71: 15 | F71: Scheduled Service Date- 2024.01.26 Service Date- 2024.01.30 Next Service Date- 2025.01.30 Check List Number - 17
A72: 14TR07 | B72: 8017180 | C72: 2015 | D72: TR | E72: 15 | F72: Scheduled Service Date- 2024.03.30 Service Date- 2024.03.27 Next Service Date- 2025.03.27 Check List Number -53
A73: 16TR18 | B73: 8018673 | C73: 2018 | D73: TR | E73: 16 | F73: Scheduled Service Date- 2024.03.26 Service Date- 2024.05.27 Next Service Date- 2025.05.27 Check List Number - 100
A74: 15TR16 | B74: 8018647 | C74: 2018 | D74: TR | E74: 17 | F74: Scheduled Service Date- 2024.02.07 Service Date- 2024.02.26 Next Service Date- 2025.02.26 Check List Number - 34
A75: 19TR09 | B75: 8018240 | C75: 2017 | D75: TR | E75: 17 | F75: Scheduled Service Date- 2024.05.22 Service Date- 2024.05.26 Next Service Date- 2025.05.26 Check List Number - 99
A76: 19TR11 | B76: 8018236 | C76: 2017 | D76: TR | E76: 17 | F76: Scheduled Service Date- 2024.03.28 Service Date- 2024.05.15 Next Service Date- 2025.05.15 Check List Number -86
A77: 1783 | B77: -8017263 | C77: 2020 | D77: TOP2V | E77: 19 | F77: Scheduled Service Date- 2024.02.09 Service Date- 2024.03.04 Next Service Date- 2025.03.04 Check List Number - 38
A78: 1471 | B78: 8019091 | C78: 2019 | D78: TOP2V | E78: 20 | F78: Scheduled Service Date- 2024.01.11 Service Date- 2024.01.18 Next Service Date- 2025.01.18 Check List Number - 05
A79: 15TR17 | B79: 8021254 | C79: 2022 | D79: TR1S | E79: 21 | F79: Scheduled Service Date- 2024.05.08 Service Date- New M/C Next Service Date- 2025.03.08 Check List Number -
A80: 18TR14 | B80: 8019087 | C80: 2019 | D80: TR | E80: 21 | F80: Scheduled Service Date- 2024.05.12 Service Date- 2024.06.07 Next Service Date- 2025.06.07 Check List Number -111
A81: 18TR18 | B81: 8018738 | C81: 2018 | D81: TR | E81: 21 | F81: Scheduled Service Date- 2024.01.03 Service Date- 2024.01.27 Next Service Date- 2025.01.27 Check List Number - 10
A82: 15136 | B82: 8006938 | C82: 2003 | D82: TOP2 | E82: 21 | F82: Scheduled Service Date- 2024.02.17 Service Date- 2024.05.08 Next Service Date- 2025.05.08 Check List Number - 81
A83: 18TR12 | B83: 8017836 | C83: 2016 | D83: TR | E83: 21 | F83: 18TR12 Scheduled Service Date- 2024.01.08 Service Date- 2024.01.28 Next Service Date- 2025.01.28 Check List Number - 13
A84: 17131 | B84: 8020958 | C84: 2022 | D84: TOP2V | E84: 22 | F84: Scheduled Service Date- 2024.04.19 Service Date- 2024.04.27 Next Service Date- 2025.04.27 Check List Number -73
A85: 1940 | B85: 8018464 | C85: 2018 | D85: TOP2V | E85: 22 | F85: Scheduled Service Date- 2024.03.21 Service Date- 2024.03.29 Next Service Date- 2025.03.29 Check List Number -54
A86: 1476 | B86: 8017960 | C86: 2019 | D86: TOP2V | E86: 22 | F86: Scheduled Service Date- 2024.02.19 Service Date- 2024.03.30 Next Service Date- 2025.03.30 Check List Number - 55
A87: 1965 | B87: 8021542 | C87: 2022 | D87: TOP2V | E87: 22 | F87: Scheduled Service Date- 2024.05.01 Service Date- 2024.06.01 Next Service Date- 2025.06.01 Check List Number -106
A88: 15141 | B88: 8009101 | C88: 2005 | D88: TOP2 | E88: 23 | F88: Scheduled Service Date- 2024.01.10 Service Date- 2024.01.11 Next Service Date- 2025.01.11 Check List Number - 03
A89: 14106 | B89: 8019113 | C89: 2019 | D89: TOP2V | E89: 23 | F89: Scheduled Service Date- 2024.05.04 Service Date- 2024.05.11 Next Service Date- 2025.05.11 Check List Number -82
A90: 15139 | B90: 8009980 | C90: 2005 | D90: TOP2 | E90: 23 | F90: Scheduled Service Date- 2024.01.16 Service Date- 2024.01.23 Next Service Date- 2025.01.23 Check List Number - 07
A91: 1939 | B91: 8018156 | C91: 2017 | D91: TOP2V | E91: 23 | F91: Scheduled Service Date- 2024.01.30 Service Date- 2024.01.30 Next Service Date- 2025.01.30 Check List Number - 19
A92: 17TR15 | B92: 8018219 | C92: 2017 | D92: TR | E92: 23 | F92: Scheduled Service Date- 2024.05.16 Service Date- 2024.03.22 Next Service Date- 2025.03.22 Check List Number -49
A93: 16TR06 | B93: 8018718 | C93: 2018 | D93: TR | E93: Batch Parking | F93: Scheduled Service Date- 2024.04.26 Service Date- 2024.04.11 Next Service Date- 2025.04.11 Check List Number -65
A94: 16TR22 | B94: 8019073 | C94: 2019 | D94: TR | E94: Batch Parking | F94: Scheduled Service Date- 2024.05.18 Service Date- 2024.05.18 Next Service Date- 2025.05.18 Check List Number - 90
A95: 15142 | B95: 8008496 | C95: 2004 | D95: TOP2 | E95: Batch Parking | F95: Scheduled Service Date- 2024.03.27 Service Date- 2024.05.04 Next Service Date- 2025.05.04 Check List Number -79
A96: 15132 | B96: 8007261 | C96: 2003 | D96: TOP2 | E96: Parking | F96: Scheduled Service Date- 2024.04.17 Service Date- 2024.04.18 Next Service Date- 2025.04.18 Check List Number -69
A97: 1483 | B97: 8011191 | C97: 2007 | D97: HIE | E97: Parking | F97: Scheduled Service Date- 2024.02.16 Service Date- 2024.02.19 Next Service Date- 2025.02.19 Check List Number - 29

Sheet Machines
A1: Machine No | B1: Serial No | C1: M/C Year | D1: Diameter | E1: Type | F1: Location Group | G1: Status | H1: Service Date
A2: 2025 (F W) | B2: 8020936 | C2: 2022 | D2: 20 | E2: TOP2V | F2: DEV (18) | G2: Active | H2: 45700
A3: 2023 (F S) | B3: 8016221 | C3: 2013 | D3: 20 | E3: HIE | F3: DEV (18) | G3: Active | H3: 45769 | J3: M | K3: Mobile Stepper Motor
A4: 1947 (F S) | B4: 8015556 | C4: 2012 | D4: 19 | E4: HIE | F4: DEV (18) | G4: Active | H4: 45723 | J4: F | K4: Fix Stepper Motor
A5: 1450 (F S) | B5: 8015749 | C5: 2013 | D5: 14 | E5: HIE | F5: DEV (18) | G5: Active | H5: 45646 | J5: S | K5: Santoni Pattern Drum
A6: 1693 (F S) | B6: 8015606 | C6: 2013 | D6: 16 | E6: HIE | F6: DEV (18) | G6: Active | H6: 45866 | J6: W | K6: Wack Pattern Drum
A7: 15135 (F W) | B7: 8004605 | C7: 2001 | D7: 15 | E7: TOP2 | F7: DEV (18) | G7: Active | H7: 45668 | J7: H | K7: Half Moon
A8: D-17 (H M S) | B8: 8013492 | C8: 2010 | D8: 17 | E8: HIE | F8: DEV (18) | G8: Active | H8: 45896
A9: 1822 (F S) | B9: 8015522 | C9: 2012 | D9: 18 | E9: HIE | F9: DEV (18) | G9: Active | H9: 45859
A10: 1387 (F S) | B10: 8015837 | C10: 2013 | D10: 13 | E10: HIE | F10: DEV (18) | G10: Active | H10: 45918
A11: 1590 (H F S) | B11: 8014553 | C11: 2011 | D11: 15 | E11: HIE | F11: DEV (18) | G11: Active | H11: 45654
A12: 1213 (F S) | B12: 8016050 | C12: 2013 | D12: 12 | E12: HIE | F12: DEV (18) | G12: Active | H12: 45895
A13: 16110 (F S) | B13: 8016043 | C13: 2013 | D13: 16 | E13: HIE | F13: DEV (18) | G13: Active | H13: 45826
A14: 1799 (M W) | B14: 8018469 | C14: 2018 | D14: 17 | E14: TOP2V | F14: 1 | G14: Active | H14: 45735
A15: 1784 (F W) | B15: 8017966 | C15: 2017 | D15: 17 | E15: TOP2V | F15: 1 | G15: Active | H15: 45742
A16: 1315 (F S) | B16: 8015277 | C16: 2012 | D16: 13 | E16: HIE | F16: 1 | G16: Active | H16: 45747
A17: 1778 (M W) | B17: 8019095 | C17: 2019 | D17: 17 | E17: TOP2V | F17: 1 | G17: Active | H17: 45755
A18: 17104 (M W) | B18: 8018466 | C18: 2018 | D18: 17 | E18: TOP2V | F18: 1 | G18: Active | H18: 45747
A19: 1780 ( F E ) | B19: 8018272 | C19: 2017 | D19: 17 | E19: TOP2V | F19: 1 | G19: Active | H19: 45613
A20: 1689 (M W) | B20: 8019094 | C20: 2019 | D20: 16 | E20: TOP2V | F20: 1 | G20: Active | H20: 45754
A21: 1688 (M W) | B21: 8019116 | C21: 2019 | D21: 16 | E21: TOP2V | F21: 1 | G21: Active | H21: 45922
A22: 1788 (M S) | B22: 8009086 | C22: 2005 | D22: 17 | E22: TOP2 | F22: 1 | G22: Active | H22: 45645
A23: 17106 (F W) | B23: 8017240 | C23: 2015 | D23: 17 | E23: TOP2V | F23: 1 | G23: Active | H23: 45538
A24: 1586 (F W) | B24: 8018269 | C24: 2017 | D24: 15 | E24: TOP2V | F24: 1 | G24: Active | H24: 45926
A25: 1964 (M W) | B25: 8021543 | C25: 2022 | D25: 19 | E25: TOP2V | F25: 1 | G25: Active | H25: 45891
A26: 17116 (M W) | B26: 8006106 | C26: 2003 | D26: 17 | E26: TOP2 | F26: 2 | G26: Active | H26: 45667
B27: 8021599 | D27: 16 | E27: TR1S | F27: 2 | G27: Active
A28: 17109 (M W) | B28: 8006181 | C28: 2003 | D28: 17 | E28: TOP2 | F28: 2 | G28: Active | H28: 45649
A29: 1394 (F S) | B29: 8015927 | C29: 2013 | D29: 13 | E29: HIE | F29: 2 | G29: Active | H29: 45691
A30: 1865 (M W) | B30: 8019105 | C30: 2019 | D30: 18 | E30: TOP2V | F30: 2 | G30: Active | H30: 45730
A31: 1371 (F W) | B31: 8017955 | C31: 2017 | D31: 13 | E31: TOP2V | F31: 2 | G31: Active | H31: 45880
A32: 17110 (M W) | B32: 8006107 | C32: 2003 | D32: 17 | E32: TOP2 | F32: 2 | G32: Active | H32: 45648
A33: 17107 (F W) | B33: 8017230 | C33: 2015 | D33: 17 | E33: TOP2V | F33: 2 | G33: Active | H33: 45714
A34: 1867 (F W) | B34: 8018975 | C34: 2019 | D34: 18 | E34: TOP2V | F34: 2 | G34: Active | H34: 45675
A35: 1893 (F W) | B35: 8020934 | C35: 2022 | D35: 18 | E35: TOP2V | F35: 2 | G35: Active | H35: 45918
A36: 1381 (F W) | B36: 8019237 | C36: 2020 | D36: 13 | E36: TOP2V | F36: 2 | G36: Active | H36: 45787
A37: 1685 (F W) | B37: 8018388 | C37: 2018 | D37: 16 | E37: TOP2V | F37: 2 | G37: Active | H37: 45899
A38: 1472 (F W) | B38: 8017961 | C38: 2017 | D38: 14 | E38: TOP2V | F38: 3 | G38: Active | H38: 45775
A39: 2034 (M W) | B39: 8021545 | C39: 2022 | D39: 20 | E39: TOP2V | F39: 3 | G39: Active | H39: 46027
... A65: 16123 (F W) | B65: 8021172 | C65: 2022 | D65: 16 | E65: TOP2V | F65: 5 | G65: Active | H65: 45779
A66: 1261 (F W) | B66: 801870/8018170 | C66: 2017 | D66: 12 | E66: TOP2V | F66: 5 | G66: Active | H66: 45286
A67: 1377 (M W) | B67: 8018974 | C67: 2019 | D67: 13 | E67: TOP2V | F67: 5 | G67: Active | H67: 45887
A68: 17119 (M W) | B68: 8018365 | C68: 2018 | D68: 17 | E68: TOP2V | F68: 5 | G68: Active | H68: 45806
A69: 1587 (F W) | B69: 8017226 | C69: 2015 | D69: 15 | E69: TOP2V | F69: 5 | G69: Active | H69: 45911
A70: 1863 (M W) | B70: 8019093 | C70: 2019 | D70: 18 | E70: TOP2V | F70: 5 | G70: Active | H70: 45603
A71: 15124 (M W) | B71: 8017982 | C71: 2017 | D71: 15 | E71: TOP2V | F71: 5 | G71: Active | H71: 45836
A72: 1782 (F W) | B72: 8017252 | C72: 2015 | D72: 17 | E72: TOP2V | F72: 5 | G72: Active | H72: 45912
A73: 1864 (M W) | B73: 8019104 | C73: 2019 | D73: 18 | E73: TOP2V | F73: 5 | G73: Active | H73: 45791
A74: 1891 (F W) | B74: 8020980 | C74: 2022 | D74: 18 | E74: TOP2V | F74: 6 | G74: Active | H74: 45825
A75: 1108 (M W) | B75: 8019014 | C75: 2019 | D75: 11 | E75: TOP2V | F75: 6 | G75: Active | H75: 45680
A76: 1374 (M W) | B76: 8019101 | C76: 2019 | D76: 13 | E76: TOP2V | F76: 6 | G76: Active | H76: 45944
A77: 1240 (F W) | B77: 8019250 | C77: 2020 | D77: 12 | E77: TOP2V | F77: 6 | G77: Active | H77: 45885
A78: 1781 (F W) | B78: 8017253 | C78: 2015 | D78: 17 | E78: TOP2V | F78: 6 | G78: Active | H78: 45616
A79: 2109 | B79: 8021026 | D79: 21 | E79: TOP2V | F79: 6 | G79: Active | H79: 45769
A80: 2018 (M W) | B80: 8019128 | C80: 2019 | D80: 20 | E80: TOP2V | F80: 6 | G80: Active | H80: 45909
A81: 1694 (F W) | B81: 8017988 | C81: 2017 | D81: 16 | E81: TOP2V | F81: 6 | G81: Active | H81: 45925
A82: 1580 (F W) | B82: 8017964 | C82: 2017 | D82: 15 | E82: TOP2V | F82: 6 | G82: Active | H82: 45740
A83: 13107 (M W) | B83: 8021023 | C83: 2022 | D83: 13 | E83: TOP2V | F83: 6 | G83: Active | H83: 45690
A84: 1469 (M W) | B84: 8019112 | C84: 2019 | D84: 14 | E84: TOP2V | F84: 6 | G84: Active | H84: 45946
A85: 2103 (F W) | B85: 8017241 | C85: 2015 | D85: 21 | E85: TOP2V | F85: 6 | G85: Active | H85: 45799
A86: 2203 | B86: 8020974 | D86: 22 | E86: TOP2V | F86: 7 | G86: Active
A87: 1897 (F W) | B87: 8020965 | C87: 2022 | D87: 18 | E87: TOP2V | F87: 7 | G87: Active | H87: 45852
A88: 1487 (F W) | B88: 8019244 | C88: 2020 | D88: 14 | E88: TOP2V | F88: 7 | G88: Active | H88: 45782
A89: 1488 (F W) | B89: 8019242 | C89: 2020 | D89: 14 | E89: TOP2V | F89: 7 | G89: Active | H89: 45808
A90: 15118 (F W) | B90: 8019257 | C90: 2020 | D90: 15 | E90: TOP2V | F90: 7 | G90: Active | H90: 45675
A91: 15119 (F W) | B91: 8019256 | C91: 2020 | D91: 15 | E91: TOP2V | F91: 7 | G91: Active | H91: 45623
A92: 1870 (F W) | B92: 8017968 | C92: 2017 | D92: 18 | E92: TOP2V | F92: 7 | G92: Active | H92: 45822
A93: 1937 (F W) | B93: 8018383 | C93: 2018 | D93: 19 | E93: TOP2V | F93: 7 | G93: Active | H93: 45812
A94: 1109 (F W) | B94: 8018173 | C94: 2017 | D94: 11 | E94: TOP2V | F94: 7 | G94: Active | H94: 45850
A95: 1256 (M W) | B95: 8021529 | C95: 2022 | D95: 12 | E95: TOP2V | F95: 7 | G95: Active | H95: 45727
A96: 15120 (F W) | B96: 8019259 | C96: 2020 | D96: 15 | E96: TOP2V | F96: 7 | G96: Active | H96: 45793
A97: 15121 (F W) | B97: 8019258 | C97: 2020 | D97: 15 | E97: TOP2V | F97: 7 | G97: Active | H97: 45751
A98: 17137 (F W) | B98: 8020822 | C98: 2022 | D98: 17 | E98: TOP2V | F98: 8 | G98: Active | H98: 45713
... A144: 15125 (M S) | B144: 8018708 | C144: 2018 | D144: 15 | E144: TOP2V | F144: 11 | G144: Active | H144: 45773
A145: 20-New | B145: 8023096 | C145: 2025 | D145: 20 | E145: TR1S | F145: 11 | G145: Active
A146: 1495 (F S) | B146: 8015912 | C146: 2013 | D146: 14 | E146: HIE | F146: 12 | G146: Active | H146: 45931
A147: 17122 (F S) | B147: 8015605 | C147: 2013 | D147: 17 | E147: HIE | F147: 12 | G147: Active | H147: 45661
A148: 1250 (H M S) | B148: 8013376 | C148: 2010 | D148: 12 | E148: HIE | F148: 12 | G148: Active | H148: 45620
A149: 17121 (F S) | B149: 8009105 | C149: 2005 | D149: 17 | E149: TOP2 | F149: 12 | G149: Active | H149: 45927
A150: 1948 (F S) | B150: 8045967/8015967 | C150: 2013 | D150: 19 | E150: HIE | F150: 12 | G150: Active | H150: 45722
A151: 2027 (F S) | B151: 8016046 | C151: 2013 | D151: 20 | E151: HIE | F151: 12 | G151: Active | H151: 45731
A152: 1888 (M S) | B152: 8017110 | C152: 2015 | D152: 18 | E152: HIE | F152: 12 | G152: Active
A153: 15138 (H M S) | B153: 8013487 | C153: 2010 | D153: 15 | E153: HIE | F153: 12 | G153: Active | H153: 45920
A154: 16112 (F S) | B154: 8015602 | C154: 2013 | D154: 16 | E154: HIE | F154: 12 | G154: Active | H154: 45743
A155: 1949 (M S) | B155: 8017120 | C155: 2015 | D155: 19 | E155: HIE | F155: 12 | G155: Active | H155: 45547
A156: 1249 (H F S) | B156: 8014332 | C156: 2011 | D156: 12 | E156: HIE | F156: 12 | G156: Active | H156: 45708
A157: 16113 | B157: 8015275 | C157: 2012 | D157: 16 | E157: HIE | F157: 12 | G157: Active | H157: 45616
A158: 14104 (F S) | B158: 8015607 | C158: 2013 | D158: 14 | E158: HIE | F158: 13 | G158: Active | H158: 45709
A159: 1886 (F S) | B159: 8016147 | C159: 2013 | D159: 18 | E159: HIE | F159: 13 | G159: Active | H159: 45597
A160: 1887 (M S) | B160: 8017121 | C160: 2015 | D160: 18 | E160: HIE | F160: 13 | G160: Active | H160: 45823
A161: 15134 (M S) | B161: 8010004 | C161: 2005 | D161: 15 | E161: TOP2 | F161: 13 | G161: Active | H161: 45701
A162: 1248 (F S) | B162: 8015965 | C162: 2013 | D162: 12 | E162: HIE | F162: 13 | G162: Active | H162: 45757
A163: 1950 (M S) | B163: 8017111 | C163: 2015 | D163: 19 | E163: HIE | F163: 13 | G163: Active | H163: 45764
A164: 14103 (F S) | B164: 8015915 | C164: 2013 | D164: 14 | E164: HIE | F164: 13 | G164: Active | H164: 45939
A165: 15140 (F W) | B165: 8005943 | C165: 2003 | D165: 15 | E165: TOP2 | F165: 13 | G165: Active | H165: 45700
A166: 1390 (F S) | B166: 8015279 | C166: 2012 | D166: 13 | E166: HIE | F166: 13 | G166: Active | H166: 45726
A167: 1885 (M W) | B167: 8010098 | C167: 2006 | D167: 18 | E167: TOP2 | F167: 13 | G167: Active | H167: 45671
A168: 1335 (H F S) | B168: 8014545 | C168: 2011 | D168: 13 | E168: HIE | F168: 13 | G168: Active | H168: 45686
A169: 16111 (M S) | B169: 8016673 | C169: 2014 | D169: 16 | E169: HIE | F169: 13 | G169: Active | H169: 45935
... A183: 18TR16 (M S) | B183: 8018797 | C183: 2019 | D183: 18 | E183: TR | F183: 15 | G183: Active | H183: 45794
...

Sheet Advantis Machines
A1: Machine No | B1: Serial No | C1: M/C Inhouse Date | D1: M/C Year | E1: Diameter | F1: Type | G1: Current Location
A2: 1386 | B2: 8004818 | D2: 2002 | E2: 13 | F2: TOP2 | G2: Advantis Mothball
A3: 1483 (H M S) | B3: 8011191 | D3: 2007 | E3: 14 | F3: HIE | G3: Advantis Mothball
A4: 1482 | B4: 8016709 | D4: 2014 | E4: 14 | F4: HIE | G4: Advantis Mothball
A5: 1494 (F W) | B5: 8004767 | D5: 2001 | E5: 14 | F5: TOP2 | G5: Advantis Mothball
A6: 15132 | B6: 8007261 | D6: 2003 | E6: 15 | F6: TOP2 | G6: Advantis Mothball
A7: 1513 | B7: 8005186 | D7: 2002 | E7: 15 | F7: TOP2 | G7: Advantis Mothball
A8: 15142 (M W) | B8: 8008496 | D8: 2004 | E8: 15 | F8: TOP2 | G8: Advantis Mothball
A9: 1706 | B9: 8010477 | D9: 2012 | E9: 17 | F9: TOP2 | G9: Advantis Mothball
A10: 17111 (M S) | B10: 8010052 | D10: 2005 | E10: 17 | F10: TOP2 | G10: Advantis Mothball
A11: Evo(15New02) (M S) | B11: 8016516 | D11: 2014 | E11: 15 | F11: EVO4J | G11: Advantis Mothball
A12: 17TR22(EVO4J) (F S) | B12: 8017991 | D12: 2017 | E12: 17 | F12: EVO4J | G12: Advantis Mothball
A13: TOP1 | B13: 8003064 | D13: 2000 | E13: 13 | F13: TOP | G13: Advantis Mothball

Sheet OUT
A1: Machine No | B1: Serial No | C1: M/C Year | D1: Diameter | E1: Type | F1: Current Location
A2: 1386 | B2: 8004818 | C2: 2002 | D2: 13 | E2: TOP2 | F2: Advantis Mothball
A3: 1483 (H M S) | B3: 8011191 | C3: 2007 | D3: 14 | E3: HIE | F3: Advantis Mothball
A4: 1482 | B4: 8016709 | C4: 2014 | D4: 14 | E4: HIE | F4: Advantis Mothball
A5: 1494 (F W) | B5: 8004767 | C5: 2001 | D5: 14 | E5: TOP2 | F5: Advantis Mothball
A6: 15132 | B6: 8007261 | C6: 2003 | D6: 15 | E6: TOP2 | F6: Advantis Mothball
A7: 1513 | B7: 8005186 | C7: 2002 | D7: 15 | E7: TOP2 | F7: Advantis Mothball
A8: 15142 (M W) | B8: 8008496 | C8: 2004 | D8: 15 | E8: TOP2 | F8: Advantis Mothball
A9: 1706 | B9: 8010477 | C9: 2012 | D9: 17 | E9: TOP2 | F9: Advantis Mothball
A10: 17111 (M S) | B10: 8010052 | C10: 2005 | D10: 17 | E10: TOP2 | F10: Advantis Mothball
A11: 15New02(EVO4J) (M S) | B11: 8016516 | C11: 2014 | D11: 15 | E11: EVO4J | F11: Advantis Mothball
A12: 1722(EVO4J) (F S) | B12: 8017991 | C12: 2017 | D12: 17 | E12: EVO4J | F12: Advantis Mothball
A13: TOP1 | B13: 8003064 | C13: 2000 | D13: 13 | E13: TOP | F13: Advantis Mothball
A14: 15(40 Gage) | B14: 8018413 | C14: 2017 | D14: 15 | E14: Top2V40G | F14: LI-01
A15: 14(40 Gage) | B15: 8017981 | C15: 2017 | D15: 14 | E15: Top2V40G | F15: LI-01

Sheet Machine Details
A1: Machine No | B1: Serial No | C1: M/C Year | D1: Diameter | E1: Type
A2: 2025 | B2: 8020936 | C2: 2022 | D2: 20 | E2: Top2v
A3: 2023 | B3: 8016221 | C3: 2013 | D3: 20 | E3: Hie
A4: 1947 | B4: 8015556 | C4: 2012 | D4: 19 | E4: Hie
A5: 1450 | B5: 8015749 | C5: 2013 | D5: 14 | E5: Hie
A6: 1693 | B6: 8015606 | C6: 2013 | D6: 16 | E6: Hie
A7: 15135 | B7: 8004605 | C7: 2001 | D7: 15 | E7: Top2
A8: D-17 | B8: 8013492 | C8: 2010 | D8: 17 | E8: Hie
A9: 1822 | B9: 8015522 | C9: 2012 | D9: 18 | E9: Hie
A10: 1387 | B10: 8015837 | C10: 2013 | D10: 13 | E10: Hie
A11: 1590 | B11: 8014553 | C11: 2011 | D11: 15 | E11: Hie
A12: 1213 | B12: 8016050 | C12: 2013 | D12: 12 | E12: Hie
A13: 16110 | B13: 8016043 | C13: 2013 | D13: 16 | E13: Hie
A14: 1799 | B14: 8018469 | C14: 2018 | D14: 17 | E14: Top2v
A15: 1784 | B15: 8017966 | C15: 2017 | D15: 17 | E15: Top2v
A16: 1315 | B16: 8015277 | C16: 2012 | D16: 13 | E16: Hie
A17: 1778 | B17: 8019095 | C17: 2019 | D17: 17 | E17: Top2v
A18: 17104 | B18: 8018466 | C18: 2018 | D18: 17 | E18: Top2v
A19: 1780 | B19: 8018272 | C19: 2017 | D19: 17 | E19: Top2v
A20: 1869 | B20: 8018154 | C20: 2017 | D20: 18 | E20: Top2v
... A48: 1470 | B48: 8019111 | C48: 2019 | D48: 14 | E48: Top2v
A49: D-21 | B49: 8017229 | C49: 2015 | D49: 21 | E49: Top2v
A50: 1472 | B50: 8017961 | C50: 2017 | D50: 14 | E50: Top2v
A51: 1486 | B51: 8019243 | C51: 2020 | D51: 14 | E51: Top2v
A52: 16120 | B52: 8020832 | C52: 2022 | D52: 16 | E52: Top2v
A53: 1491 | B53: 8019241 | C53: 2020 | D53: 14 | E53: Top2v
A54: 1468 | B54: 8017959 | C54: 2017 | D54: 14 | E54: Top2v
A55: 1952 | B55: 8020823 | C55: 2022 | D55: 19 | E55: Top2v
A56: 1966 | B56: 8021544 | C56: 2022 | D56: 19 | E56: Top2v
A57: 1477 | B57: 8019107 | C57: 2019 | D57: 14 | E57: Top2v
A58: 1882 | B58: 8018811 | C58: 2019 | D58: 18 | E58: Top2v
A59: 1485 | B59: 8019108 | C59: 2019 | D59: 14 | E59: Top2v
A60: 1515 | B60: 8017963 | C60: 2017 | D60: 15 | E60: Top2v
A61: 22New | B61: 8020933 | C61: 2022 | D61: 22 | E61: Top2v
A62: 1586 | B62: 8018269 | C62: 2017 | D62: 15 | E62: Top2v
A63: 1588 | B63: 8019092 | C63: 2019 | D63: 15 | E63: Top2v
A64: 1683 | B64: 8019117 | C64: 2019 | D64: 16 | E64: Top2v
A65: 16123 | B65: 8021172 | C65: 2022 | D65: 16 | E65: Top2v
A66: 16122 | B66: 8021171 | C66: 2022 | D66: 16 | E66: Top2v
A67: 1689 | B67: 8019094 | C67: 2019 | D67: 16 | E67: Top2v
A68: 17119 | B68: 8018365 | C68: 2018 | D68: 17 | E68: Top2v
A69: 1587 | B69: 8017226 | C69: 2015 | D69: 15 | E69: Top2v
A70: 1863 | B70: 8019093 | C70: 2019 | D70: 18 | E70: Top2v
A71: 15124 | B71: 8018413 | C71: 2018 | D71: 15 | E71: Top2v
A72: 1782 | B72: 8017252 | C72: 2015 | D72: 17 | E72: Top2v
A73: 1688 | B73: 8019116 | C73: 2019 | D73: 16 | E73: Top2v
... A99: 17136 | B99: 8017251 | C99: 2015 | D99: 17 | E99: Top2v
A100: 1261 | B100: 801870/8018170 | C100: 2017 | D100: 12 | E100: Top2v
A101: 13108 | B101: 8021532 | C101: 2022 | D101: 13 | E101: Top2v
A102: 1377 | B102: 8018974 | C102: 2019 | D102: 13 | E102: Top2v
A103: 1253 | B103: 8021185 | C103: 2022 | D103: 12 | E103: Top2v
A104: 1383 | B104: 8019236 | C104: 2020 | D104: 13 | E104: Top2v
A105: 1696 | B105: 8019253 | C105: 2020 | D105: 16 | E105: Top2v
A106: 1697 | B106: 8019252 | C106: 2020 | D106: 16 | E106: Top2v
A107: 1384 | B107: 8020931 | C107: 2022 | D107: 13 | E107: Top2v
A108: 2030 | B108: 8020972 | C108: 2022 | D108: 20 | E108: Top2v
A109: 16121 | B109: 8020821 | C109: 2022 | D109: 16 | E109: Top2v
A110: 1936 | B110: 8018382 | C110: 2018 | D110: 19 | E110: Top2v
A111: 1375 | B111: 8019102 | C111: 2019 | D111: 13 | E111: Top2v
A112: 2037 | B112: 8021546 | C112: 2022 | D112: 20 | E112: Top2v
... A138: 1686 | B138: 8018389 | C138: 2018 | D138: 16 | E138: Top2v
A139: 21Tr02 | B139: 8021022 | C139: 2022 | D139: 21 | E139: Tr1s
A140: 1938 | B140: 8018157 | C140: 2017 | D140: 19 | E140: Top2v
A141: 16101 | B141: 8017235 | C141: 2015 | D141: 16 | E141: Top2v
A142: 2114 | B142: 8017434 | C142: 2015 | D142: 21 | E142: Top2v
A143: 1786 | B143: 8017967 | C143: 2017 | D143: 17 | E143: Top2v
A144: 15125 | B144: 8018708 | C144: 2018 | D144: 15 | E144: Top2v
A145: 16Tr17 | B145: 8016485 | C145: 2014 | D145: 16 | E145: Tr
A146: 1495 | B146: 8015912 | C146: 2013 | D146: 14 | E146: Hie
A147: 17122 | B147: 8015605 | C147: 2013 | D147: 17 | E147: Hie
A148: 1250 | B148: 8013376 | C148: 2010 | D148: 12 | E148: Hie
A149: 17121 | B149: 8009105 | C149: 2005 | D149: 17 | E149: Top2
A150: 1948 | B150: 8045967/8015967 | C150: 2013 | D150: 19 | E150: Hie
A151: 2027 | B151: 8016046 | C151: 2013 | D151: 20 | E151: Hie
A152: 1888 | B152: 8017110 | C152: 2015 | D152: 18 | E152: Hie
A153: 15138 | B153: 8013487 | C153: 2010 | D153: 15 | E153: Hie
A154: 16112 | B154: 8015602 | C154: 2013 | D154: 16 | E154: Hie
A155: 1949 | B155: 8017120 | C155: 2015 | D155: 19 | E155: Hie
A156: 1249 | B156: 8014332 | C156: 2011 | D156: 12 | E156: Hie
A157: 16113 | B157: 8015275 | C157: 2012 | D157: 16 | E157: Hie
A158: 14104 | B158: 8015607 | C158: 2013 | D158: 14 | E158: Hie
A159: 1886 | B159: 8016147 | C159: 2013 | D159: 18 | E159: Hie
A160: 1887 | B160: 8017121 | C160: 2015 | D160: 18 | E160: Hie
A161: 15134 | B161: 8010004 | C161: 2005 | D161: 15 | E161: Top2
A162: 1248 | B162: 8015965 | C162: 2013 | D162: 12 | E162: Hie
... A181: 1258 | B181: 8018810 | C181: 2019 | D181: 12 | E181: Top2v
A182: 20TR04 | B182: 8021605 | C182: 2022 | D182: 20 | E182: Tr1s
A183: 18Tr16 | B183: 8018797 | C183: 2019 | D183: 18 | E183: Tr
A184: 1785 | B184: 8017250 | C184: 2015 | D184: 17 | E184: Top2v
A185: 16Tr19 | B185: 8018726 | C185: 2018 | D185: 16 | E185: Tr
A186: 19TR10 | B186: 8021604 | C186: 2022 | D186: 19 | E186: Tr1s
A187: 19Tr08 | B187: 8019089 | C187: 2019 | D187: 19 | E187: Tr
A188: 14TR12 | B188: 8021564 | C188: 2022 | D188: 14 | E188: Tr1s
A189: 14Tr08 | B189: 8017706 | C189: 2016 | D189: 14 | E189: Tr
A190: 16Tr10 | B190: 8018198 | C190: 2017 | D190: 16 | E190: Tr
A191: 14Tr07 | B191: 8017180 | C191: 2015 | D191: 14 | E191: Tr
A192: 15TR20 | B192: 8021568 | C192: 2022 | D192: 15 | E192: Tr1s
A193: 15TR19 | B193: 8021566 | C193: 2022 | D193: 15 | E193: Tr1s
A194: 16Tr16 | B194: 8018199 | C194: 2017 | D194: 16 | E194: Tr
A195: 15Tr15 | B195: 8017659 | C195: 2016 | D195: 15 | E195: Tr
...

Sheet TypeDiameter
A1: Type | B1: Diameter | C1: Count
A2: Hie | B2: 12 | C2: 4
A3: Hie | B3: 13 | C3: 8
A4: Hie | B4: 14 | C4: 6
A5: Hie | B5: 15 | C5: 2
A6: Hie | B6: 16 | C6: 9
A7: Hie | B7: 17 | C7: 3
A8: Hie | B8: 18 | C8: 7
A9: Hie | B9: 19 | C9: 4
A10: Hie | B10: 20 | C10: 2
A11: Top2 | B11: 13 | C11: 2
A12: Top2 | B12: 14 | C12: 2
A13: Top2 | B13: 15 | C13: 12
... A46: Top | B46: 13 | C46: 1

Sheet Legend
A1: M/C Batch Layot
E2: TOP2V | G2: Google Blue (#4285F4)
A3: Dev (18) | B3: 17 | E3: HIE | G3: lavender purple (#ad7fe6)
A4: 1 | B4: 18 | E4: TOP2 | G4: Celery Stick (#b5c665)
A5: 2 | B5: 19 | E5: TR | G5: Atomic Tangerine (#F59E52)
A6: 3 | B6: 20 | E6: TR1S | G6: Bright Cyan (#2bb8ca)
A7: 4 | B7: 21 | E7: TOP2V40G | G7: Golden Fizz (#eac43b)
A8: 5 | B8: 22 | E8: TOP | G8: Mystic Iris (#6666ba)
A9: 6 | B9: 23 | E9: EVO4J | G9: Candy Pink (#e574b1)
A10: 7
A11: 8 | B11: TR Parking (Bacth Parking) | C11: Parking (Pathway Parking)
A12: 9
A13: 10 | B13: Training (M/C)
A14: 11
A15: 12
A16: 13
A17: 14
A18: 15
A19: 16
A21: From Knitting Machine Excel sheet by Janaka
A22: Link | B22: https://url.uk.m.mimecastprotect.com/s/CLrgCkwl8iOn340zi2fvUGHZcT?domain=docs.google.com
A24: Converted Machine
A25: Previously
A26: 15(40Gage) | B26: 8017982
A27: 15124 (M W) | B27: 8018413
A28: Now
A29: 15(40Gage) | B29: 8018413
A30: 15124 (M W) | B30: 8017982
